{"fried": 2.1666666666666665, "cried": 2.3333333333333335, "flier": 2.3333333333333335, "pried": 2.5, "tried": 2.6666666666666665, "drier": 2.75, "prief": 2.8333333333333335, "frier": 3.1666666666666665, "wried": 3.3333333333333335, "grief": 3.5, "brief": 3.5, "plier": 3.6666666666666665, "icier": 4.0, "weird": 4.333333333333333, "crier": 4.416666666666667, "goier": 4.5, "twier": 4.5, "dried": 4.583333333333333, "prier": 4.833333333333333, "brier": 5.166666666666667, "trier": 5.166666666666667, "erick": 5.166666666666667, "ering": 6.166666666666667, "wrier": 6.333333333333333, "oriel": 7.166666666666667}