{"grace": 3.769230769230769, "crate": 4.769230769230769, "trace": 4.769230769230769, "brace": 4.846153846153846, "grade": 4.846153846153846, "grate": 4.923076923076923, "crave": 5.0, "crake": 5.230769230769231, "crape": 5.230769230769231, "craze": 5.461538461538462, "grave": 5.615384615384615, "crame": 5.846153846153846, "trade": 5.923076923076923, "drave": 6.153846153846154, "graze": 6.230769230769231, "grape": 6.3076923076923075, "trave": 6.3076923076923075, "crane": 6.384615384615385, "chare": 6.538461538461538, "crare": 6.538461538461538, "grame": 6.6923076923076925, "prate": 7.0, "trape": 7.0, "argue": 7.384615384615385, "glare": 7.461538461538462, "argle": 7.538461538461538, "aygre": 7.538461538461538, "brave": 7.615384615384615, "braze": 7.615384615384615, "drake": 7.615384615384615, "drape": 7.615384615384615, "frate": 7.615384615384615, "geare": 7.615384615384615, "antre": 8.0, "brake": 8.538461538461538, "arede": 8.615384615384615, "wrate": 8.615384615384615, "brame": 8.692307692307692, "deare": 8.692307692307692, "orate": 8.692307692307692, "urate": 8.692307692307692, "adore": 8.846153846153847, "arete": 8.846153846153847, "abore": 9.538461538461538, "blare": 9.538461538461538, "frape": 9.615384615384615, "beare": 9.692307692307692, "agree": 9.846153846153847, "azure": 10.615384615384615, "peare": 10.923076923076923, "phare": 10.923076923076923, "afore": 11.692307692307692, "flare": 11.692307692307692, "feare": 11.846153846153847, "frame": 11.923076923076923, "meare": 12.076923076923077, "arame": 12.153846153846153, "arene": 12.153846153846153, "alure": 13.076923076923077, "aware": 13.153846153846153, "leare": 13.153846153846153, "whare": 13.153846153846153, "aruhe": 13.23076923076923, "quare": 13.23076923076923, "urare": 13.26923076923077, "arere": 13.346153846153847, "heare": 13.384615384615385, "areae": 13.461538461538462, "aurae": 17.307692307692307, "thrae": 17.307692307692307, "porae": 18.846153846153847, "morae": 20.46153846153846}