{"abbed": 30.159420289855074, "abbey": 32.52173913043478, "abeam": 13.347826086956522, "abend": 9.753623188405797, "abled": 12.043478260869565, "ablet": 7.840579710144928, "aceta": 7.492753623188406, "ached": 13.347826086956522, "acned": 11.898550724637682, "acted": 8.797101449275363, "added": 42.27536231884058, "adeem": 14.36231884057971, "adept": 6.304347826086956, "admen": 15.26086956521739, "advew": 29.463768115942027, "adzed": 42.56521739130435, "agent": 7.869565217391305, "aglet": 7.666666666666667, "agley": 12.304347826086957, "agued": 24.6231884057971, "ahead": 10.27536231884058, "aheap": 11.72463768115942, "ahent": 6.101449275362318, "akela": 10.579710144927537, "aldea": 12.08695652173913, "aleck": 7.782608695652174, "aleft": 5.695652173913044, "aleph": 7.840579710144928, "allel": 30.507246376811594, "alley": 22.55072463768116, "almeh": 9.376811594202898, "aloed": 12.53623188405797, "ameba": 15.710144927536232, "amend": 9.26086956521739, "ament": 6.855072463768116, "amped": 17.579710144927535, "anent": 10.855072463768115, "angel": 10.101449275362318, "annex": 38.289855072463766, "anted": 9.666666666666666, "apeak": 14.898550724637682, "apeek": 19.17391304347826, "apnea": 22.07246376811594, "appel": 17.6231884057971, "apted": 12.130434782608695, "aweel": 11.08695652173913, "aweto": 13.173913043478262, "awned": 19.26086956521739, "axled": 14.304347826086957, "axmen": 21.840579710144926, "ayelp": 6.565217391304348, "beach": 7.695652173913044, "beady": 8.826086956521738, "beaky": 11.840579710144928, "beamy": 9.46376811594203, "beano": 9.08695652173913, "beany": 7.318840579710145, "beath": 6.6521739130434785, "beaty": 7.0, "beaut": 8.304347826086957, "beaux": 15.666666666666666, "becap": 6.27536231884058, "bedad": 11.014492753623188, "begad": 7.115942028985507, "began": 7.695652173913044, "begat": 5.028985507246377, "bekah": 8.130434782608695, "belah": 4.913043478260869, "belay": 5.492753623188406, "belga": 8.101449275362318, "bemad": 6.507246376811594, "bepat": 4.565217391304348, "betta": 14.72463768115942, "bleak": 7.956521739130435, "bleat": 3.927536231884058, "bohea": 22.507246376811594, "cecal": 7.043478260869565, "cella": 11.318840579710145, "cheap": 7.115942028985507, "cheat": 4.826086956521739, "cheka": 12.478260869565217, "chela": 6.971014492753623, "clean": 4.681159420289855, "cleat": 3.347826086956522, "dealt": 3.6956521739130435, "death": 5.608695652173913, "deawy": 10.043478260869565, "debag": 6.942028985507246, "decad": 8.73913043478261, "decaf": 6.043478260869565, "decal": 3.6666666666666665, "decay": 5.260869565217392, "dedal": 7.188405797101449, "defat": 4.594202898550725, "delay": 4.420289855072464, "delta": 4.159420289855072, "deman": 5.2898550724637685, "denay": 5.144927536231884, "dewan": 6.478260869565218, "dewax": 9.318840579710145, "eclat": 4.188405797101449, "edema": 17.27536231884058, "eland": 4.855072463768116, "elvan": 7.231884057971015, "embay": 11.376811594202898, "enact": 6.0144927536231885, "enema": 17.47826086956522, "epact": 8.130434782608695, "ephah": 17.057971014492754, "equal": 12.53623188405797, "ethal": 4.6231884057971016, "etyma": 13.695652173913043, "eupad": 12.594202898550725, "exact": 10.652173913043478, "exalt": 8.246376811594203, "exeat": 11.028985507246377, "expat": 9.782608695652174, "fecal": 4.971014492753623, "fella": 16.985507246376812, "femal": 5.753623188405797, "fetal": 4.246376811594203, "fetta": 18.231884057971016, "fetwa": 12.014492753623188, "fleam": 7.173913043478261, "fovea": 37.14492753623188, "gemma": 19.10144927536232, "genal": 5.0, "genoa": 14.594202898550725, "genua": 14.217391304347826, "geyan": 6.7101449275362315, "gleam": 7.057971014492754, "glean": 6.449275362318841, "gleba": 9.869565217391305, "heady": 8.420289855072463, "heald": 5.144927536231884, "heapy": 8.855072463768115, "heath": 10.304347826086957, "heavy": 12.36231884057971, "hejab": 8.884057971014492, "hemal": 4.884057971014493, "henna": 14.115942028985508, "hevea": 16.246376811594203, "hexad": 6.855072463768116, "hoaed": 12.420289855072463, "hovea": 27.492753623188406, "hyena": 8.217391304347826, "jehad": 7.840579710144928, "jelab": 6.739130434782608, "kebab": 13.63768115942029, "kehua": 15.057971014492754, "kenaf": 8.246376811594203, "kheda": 11.869565217391305, "knead": 7.028985507246377, "kwela": 12.420289855072463, "leach": 5.63768115942029, "leady": 5.63768115942029, "leafy": 7.811594202898551, "leaky": 7.202898550724638, "leant": 3.63768115942029, "leany": 5.0, "leapt": 4.246376811594203, "leavy": 8.217391304347826, "legal": 10.043478260869565, "lehua": 8.420289855072463, "leman": 4.246376811594203, "lemma": 10.869565217391305, "lepta": 4.536231884057971, "lezza": 12.101449275362318, "lutea": 9.231884057971014, "lycea": 8.072463768115941, "mealy": 6.246376811594203, "meant": 5.144927536231884, "meany": 7.463768115942029, "meath": 6.594202898550725, "meaty": 6.6231884057971016, "mecca": 16.797101449275363, "medal": 4.304347826086956, "mekka": 20.07246376811594, "menad": 5.2898550724637685, "menta": 7.057971014492754, "metal": 3.550724637681159, "neath": 5.405797101449275, "obeah": 10.130434782608695, "ocean": 8.18840579710145, "omega": 19.28985507246377, "peach": 7.63768115942029, "peaky": 9.63768115942029, "peaty": 6.304347826086956, "peavy": 11.289855072463768, "pecan": 5.405797101449275, "pedal": 4.420289855072464, "pekan": 7.3478260869565215, "pelma": 6.797101449275362, "pelta": 4.536231884057971, "penal": 4.333333333333333, "penna": 15.840579710144928, "pepla": 10.884057971014492, "petal": 3.4347826086956523, "plead": 5.173913043478261, "pleat": 3.7246376811594204, "plena": 7.492753623188406, "quean": 13.057971014492754, "quena": 19.17391304347826, "teach": 6.449275362318841, "teaed": 6.666666666666667, "tecta": 12.27536231884058, "tegua": 10.18840579710145, "tepal": 3.1739130434782608, "theca": 7.782608695652174, "thema": 9.08695652173913, "theta": 16.536231884057973, "tweak": 9.26086956521739, "ulema": 11.695652173913043, "uveal": 9.347826086956522, "vealy": 8.217391304347826, "veena": 14.869565217391305, "vegan": 9.289855072463768, "venal": 5.434782608695652, "voema": 22.73913043478261, "weald": 6.478260869565218, "weamb": 11.26086956521739, "wheal": 7.231884057971015, "wheat": 7.144927536231884, "yealm": 6.27536231884058, "yenta": 6.043478260869565, "zoaea": 27.52173913043478, "zoeal": 9.840579710144928, "zooea": 45.65217391304348}