{"gulch": 7.155688622754491, "clung": 6.868263473053892, "cloud": 7.07185628742515, "could": 6.3053892215568865, "glout": 9.035928143712574, "gucky": 12.245508982035927, "pluck": 9.359281437125748, "colog": 17.802395209580837, "dutch": 9.0, "clout": 7.335329341317365, "cough": 8.868263473053892, "mulct": 6.808383233532934, "bundt": 8.664670658682635, "clump": 7.562874251497006, "goldy": 7.359281437125748, "godly": 7.467065868263473, "goold": 19.88622754491018, "gumbo": 14.173652694610778, "vulgo": 14.161676646706587, "gundy": 8.592814371257486, "block": 10.209580838323353, "butch": 9.622754491017965, "culty": 7.083832335329341, "globy": 7.790419161676646, "clomb": 7.37125748502994, "cogon": 21.934131736526947, "clunk": 9.778443113772456, "doubt": 8.916167664670658, "cundy": 7.706586826347305, "dunch": 7.766467065868263, "flock": 13.1437125748503, "dungy": 8.568862275449101, "bulgy": 7.934131736526946, "clomp": 8.377245508982035, "ungod": 14.221556886227544, "ungot": 13.562874251497005, "ducky": 10.401197604790418, "congo": 20.808383233532933, "gluon": 8.425149700598803, "gouty": 10.497005988023952, "bucko": 14.365269461077844, "compt": 10.7125748502994, "guyot": 11.419161676646707, "pudgy": 9.574850299401197, "botch": 10.317365269461078, "cloth": 7.059880239520958, "cohog": 24.790419161676645, "klong": 9.467065868263473, "klutz": 12.221556886227544, "kutch": 14.089820359281438, "bludy": 6.664670658682635, "bunco": 9.838323353293413, "colby": 6.676646706586826, "flung": 8.964071856287426, "plotz": 11.203592814371257, "blunt": 6.772455089820359, "boult": 7.550898203592815, "clonk": 9.479041916167665, "dough": 8.04191616766467, "mogul": 10.029940119760479, "plong": 7.479041916167665, "tough": 9.311377245508982, "gombo": 27.706586826347305, "bough": 8.341317365269461, "bungy": 9.167664670658683, "gulph": 7.610778443113772, "gulpy": 8.077844311377245, "docht": 9.694610778443113, "locum": 8.197604790419161, "ought": 13.994011976047904, "mulch": 6.892215568862276, "undug": 31.49700598802395, "duchy": 8.580838323353293, "lucky": 9.395209580838323, "cloot": 15.41317365269461, "gulfy": 9.2874251497006, "octyl": 9.934131736526947, "count": 9.131736526946108, "flong": 8.940119760479043, "ghoul": 8.736526946107784, "couth": 9.922155688622755, "fungo": 13.74251497005988, "thong": 8.928143712574851, "touch": 9.982035928143713, "chout": 11.634730538922156, "goody": 21.119760479041915, "outgo": 22.65868263473054, "gloop": 21.15568862275449, "kotch": 14.221556886227544, "mutch": 10.736526946107784, "potch": 10.940119760479043, "cloop": 17.32934131736527, "cutup": 24.077844311377245, "vouch": 12.964071856287426, "bunch": 8.77245508982036, "fugly": 9.095808383233534, "clown": 8.868263473053892, "condo": 19.78443113772455, "dumbo": 12.173652694610778, "gooby": 21.51497005988024, "gunky": 11.239520958083832, "lough": 7.383233532934132, "podgy": 9.467065868263473, "zygon": 15.419161676646707, "gonzo": 34.880239520958085, "blond": 6.652694610778443, "chump": 11.203592814371257, "comby": 8.640718562874252, "lunch": 7.203592814371257, "pouch": 9.359281437125748, "poult": 7.634730538922156, "gloom": 20.101796407185628, "bundh": 7.107784431137724, "bundy": 8.353293413173652, "butyl": 8.32934131736527, "coypu": 11.395209580838323, "tocky": 11.694610778443113, "bongo": 24.449101796407184, "boong": 24.377245508982035, "bound": 8.197604790419161, "cymol": 9.778443113772456, "glyph": 11.011976047904191, "coopt": 20.37125748502994, "oucht": 13.886227544910179, "codon": 20.65868263473054, "mungo": 12.916167664670658, "logon": 19.44311377245509, "chynd": 12.317365269461078, "gonof": 29.688622754491018, "bucku": 33.131736526946106, "combo": 21.610778443113773, "coomb": 21.269461077844312, "cloff": 15.508982035928144, "donut": 10.245508982035927, "plumb": 8.32934131736527, "hutch": 18.940119760479043, "chunk": 13.502994011976048, "duply": 6.92814371257485, "flout": 9.89820359281437, "ycond": 7.6946107784431135, "cuddy": 15.784431137724551, "cutto": 20.74251497005988, "punch": 9.455089820359282, "thumb": 10.616766467065869, "vughy": 14.832335329341317, "zloty": 9.682634730538922, "boogy": 21.419161676646706, "bunty": 9.802395209580839, "lound": 6.640718562874252, "mouch": 9.22754491017964, "mould": 7.407185628742515, "moult": 7.514970059880239, "mucky": 12.389221556886227, "nould": 6.592814371257485, "pocky": 13.035928143712574, "vodun": 15.251497005988025, "would": 9.67065868263473, "yucko": 15.922155688622755, "chomp": 10.796407185628743, "chowk": 16.808383233532933, "gooly": 16.664670658682635, "bundu": 22.892215568862277, "cuffo": 21.65868263473054, "blood": 18.592814371257486, "coyly": 13.784431137724551, "vozhd": 19.65868263473054, "gutty": 18.718562874251496, "gobby": 17.592814371257486, "outby": 11.74251497005988, "pongy": 8.77245508982036, "young": 10.461077844311378, "cluck": 18.50299401197605, "goofy": 25.323353293413174, "gooky": 24.92814371257485, "colon": 15.832335329341317, "blunk": 9.059880239520957, "compo": 23.88622754491018, "cyton": 10.401197604790418, "fluty": 8.113772455089821, "notch": 9.982035928143713, "buchu": 24.035928143712574, "cubby": 16.748502994011975, "fondu": 11.467065868263473, "gobbo": 56.68263473053892, "gully": 16.568862275449103, "punto": 11.95808383233533, "cholo": 15.502994011976048, "cooly": 13.497005988023952, "cully": 14.562874251497005, "golly": 15.934131736526947, "hotch": 18.88622754491018, "plouk": 11.347305389221557, "plunk": 8.55688622754491, "fundy": 9.491017964071856, "outdo": 20.149700598802394, "pongo": 22.592814371257486, "pygmy": 40.84431137724551, "ungum": 31.149700598802394, "conky": 11.874251497005988, "fluyt": 8.62874251497006, "found": 9.51497005988024, "fount": 10.017964071856287, "junco": 14.341317365269461, "knout": 12.305389221556887, "mucho": 12.616766467065869, "munch": 8.784431137724551, "ology": 18.802395209580837, "poncy": 9.071856287425149, "cutty": 17.035928143712574, "futon": 11.67065868263473, "puton": 10.497005988023952, "upbow": 19.251497005988025, "yucky": 24.724550898203592, "goopy": 21.910179640718564, "uncut": 27.077844311377245, "choux": 15.071856287425149, "comfy": 10.089820359281438, "lownd": 10.089820359281438, "lynch": 10.293413173652695, "choky": 10.892215568862275, "chuff": 19.17365269461078, "conto": 20.778443113772454, "dodgy": 17.263473053892216, "guppy": 19.64071856287425, "cuppy": 17.161676646706585, "nudzh": 10.353293413173652, "gyppo": 24.0, "vodou": 34.964071856287426, "convo": 32.467065868263475, "hough": 17.293413173652695, "gummy": 19.107784431137723, "gunny": 17.97005988023952, "mongo": 22.4251497005988, "goony": 18.107784431137723, "kudzu": 46.209580838323355, "uncoy": 12.964071856287426, "clock": 20.21556886227545, "choko": 30.119760479041915, "choof": 25.143712574850298, "chook": 30.50299401197605, "cooky": 22.592814371257486, "flunk": 11.215568862275449, "pooch": 21.862275449101798, "cobby": 15.431137724550899, "bulky": 8.952095808383234, "fouth": 9.778443113772456, "lofty": 7.922155688622754, "pound": 8.437125748502995, "pouty": 10.784431137724551, "thump": 12.820359281437126, "thunk": 12.029940119760479, "tondo": 21.74251497005988, "touzy": 13.994011976047904, "towzy": 15.37125748502994, "colly": 14.083832335329342, "blown": 10.113772455089821, "bunko": 13.850299401197605, "dumky": 10.305389221556887, "dumpy": 9.874251497005988, "ghyll": 22.55688622754491, "kombu": 13.910179640718562, "konbu": 13.431137724550899, "punty": 9.52694610778443, "tumpy": 11.059880239520957, "umpty": 12.952095808383234, "jugum": 44.55688622754491, "dowly": 9.191616766467066, "moldy": 6.92814371257485, "plonk": 9.874251497005988, "pulmo": 10.520958083832335, "thowl": 9.718562874251496, "mound": 8.748502994011975, "mount": 8.892215568862275, "notum": 11.215568862275449, "wound": 10.904191616766466, "chott": 18.317365269461078, "hunch": 17.18562874251497, "knock": 19.910179640718564, "muton": 10.880239520958083, "bumph": 10.137724550898204, "bumpy": 11.0, "dubbo": 21.05389221556886,